[
    {
        "monsters": {
            "Monster 1 name": "Silver Lynel",
            "description1": "Silver Lynels are the strongest of the Lynel species, much stronger than white maned Lynels, having been shaped by Ganon's demonic magic",
            "Monster 2 name": "Guardian Stalker",
            "description2": "The Sheikah of ancient Hyrule developed this as a weapon to combat Ganon. Its six legs give it extraordinary mobility compared to most current vehicles, and its powerful laser provides far greater offensive capability than conventional weaponry.",
            "Monster 3 name": "Master Kohga",
            "description3": "The head of the Yiga Clan, a clan that was founded with the sole purpose of killing Link. He searches Hyrule with his minions to find Link, but he usually just lazes around and naps much of the time.",
            "Monster 4 name": "Stone Talus",
            "description4": "This enormous monster is naturally camouflaged as a rock formation. Neither sword nor arrow can pierce its stony form",
            "Monster 5 name": "Molduga",
            "description5": "This massive monster swims beneath the desert's sand. It spends most of its time submerged, but if it senses sound, it will breach the surface to feast on whatever it can grab.",
            "Monster 6 name": "Calamity Ganon",
            "description6": "the origin of the darkness that has repeatedly materialised throughout the history of Hyrule."
        }
    },
    {
        "weapons": {
            "weapon 1 name": "Master Sword",
            "weapon 1 attack stat": "20-30 damage, 50-60 if powered up",
            "weapon 2 name": "Scimitar of the Seven",
            "weapon 2 attack stat": "26-32 damage",
            "weapon 3 name": "Boulder Breaker",
            "weapon 3 attack stat": "50-60 damage",
            "weapon 4 name": "Ancient Battle Axe++",
            "weapon 4 attack stat": "32-60 damage",
            "weapon 5 name": "Savage Lynel Bow",
            "weapon 5 attack stat": "32x3-50x3(multiplied times 3 as bow shoots 3 arrows)",
            "weapon 6 name": "Hylian Shield",
            "weapon 6 attack stat": "90 defense"
        }
    },
    {
        "armour": {
            "armour 1 name": "Champions Tunic",
            "armour 1 defense stat": "15 defense",
            "armour 2 name": "Flamebreaker Armour",
            "armour 2 defense stat": "8 defense with flame resistance",
            "armour 3 name": "Barbarian Armour",
            "armour 3 defense stat": "9 defense with attack up",
            "armour 4 name": "Zora Armour",
            "armour 4 defense stat": "3 defense with swim speed up",
            "armour 5 name": "Thunder Helm",
            "armour 5 defense stat": "3 defense with lightning nullification",
            "armour 6 name": "Majoras Mask",
            "armour 6 defense stat": "5 defense with enemy fear"
        }
    }
]